id,motif,probability,motif_index
19,49,0.8844765424728394,1
19,30,0.10764654725790024,2
23,41,0.9938029646873474,1
24,49,0.9913815259933472,1
37,199,0.7345936894416809,1
37,41,0.24980416893959045,2
45,199,0.9695931673049927,1
60,49,0.8720513582229614,1
60,177,0.11277100443840027,2
60,85,0.007568563334643841,3
76,141,0.9948055148124695,1
82,49,0.4790361225605011,1
82,11,0.41167283058166504,2
82,162,0.05462490767240524,3
82,73,0.04202331602573395,4
82,68,0.008430811576545238,5
83,128,0.715333104133606,1
83,21,0.23244227468967438,2
83,45,0.05009997636079788,3
88,165,0.8820316791534424,1
88,6,0.11590538173913956,2
97,122,0.882857620716095,1
97,49,0.10863977670669556,2
98,148,0.5404080748558044,1
98,196,0.2663569748401642,2
98,140,0.1312703937292099,3
98,137,0.05791613087058067,4
99,22,0.9110437631607056,1
99,137,0.08467091619968414,2
106,127,0.6071372628211975,1
106,52,0.2597607970237732,2
106,76,0.13145102560520172,3
116,184,0.5245378017425537,1
116,196,0.3305516839027405,2
116,33,0.14205358922481537,3
128,32,0.42696186900138855,1
128,40,0.28568968176841736,2
128,15,0.20563992857933044,3
128,42,0.07849323004484177,4
142,68,0.7970640659332275,1
142,49,0.19627828896045685,2
145,113,0.5755360126495361,1
145,49,0.42071855068206787,2
146,40,0.5163649916648865,1
146,52,0.48169976472854614,2
147,49,0.6000108122825623,1
147,113,0.1473710834980011,2
147,75,0.10523298382759094,3
147,85,0.09473926573991776,4
147,57,0.04738042503595352,5
170,49,0.04151551425457001,1
170,164,0.020582884550094604,2
170,147,0.020222054794430733,3
170,86,0.02010565623641014,4
170,46,0.019930701702833176,5
170,64,0.0198822021484375,6
170,152,0.01902111805975437,7
170,44,0.01885179989039898,8
170,93,0.018692409619688988,9
170,35,0.01847645454108715,10
172,57,0.8712027668952942,1
172,76,0.12539434432983398,2
186,54,0.5292989611625671,1
186,93,0.4595130383968353,2
186,52,0.0073712849989533424,3
190,61,0.3872314393520355,1
190,193,0.36500313878059387,2
190,141,0.2412330061197281,3
190,57,0.0031917570158839226,4
204,49,0.7036711573600769,1
204,29,0.29000774025917053,2
229,14,0.6204148530960083,1
229,20,0.37686505913734436,2
230,153,0.49968889355659485,1
230,96,0.24991066753864288,2
230,6,0.24062064290046692,3
247,49,0.6333316564559937,1
247,84,0.36100631952285767,2
251,45,0.933591365814209,1
251,49,0.0027658436447381973,2
291,55,0.5542425513267517,1
291,118,0.32437077164649963,2
291,27,0.12004882097244263,3
294,158,0.6683836579322815,1
294,66,0.1590375155210495,2
294,21,0.1320641189813614,3
294,42,0.03774411231279373,4
306,183,0.4021654427051544,1
306,187,0.3307613730430603,2
306,147,0.22558540105819702,3
306,140,0.03761520981788635,4
308,148,0.6779998540878296,1
308,178,0.3167293965816498,2
309,143,0.6528680920600891,1
309,183,0.17663072049617767,2
309,80,0.16721710562705994,3
316,22,0.5374332070350647,1
316,152,0.3963734805583954,2
316,69,0.060059741139411926,3
316,140,0.0030272952280938625,4
322,55,0.38879072666168213,1
322,7,0.3314847946166992,2
322,34,0.2646481990814209,3
322,42,0.013649067841470242,4
325,56,0.8047957420349121,1
325,20,0.19192087650299072,2
337,188,0.6917287111282349,1
337,108,0.24312418699264526,2
337,119,0.06336215883493423,3
351,167,0.46883803606033325,1
351,55,0.31070369482040405,2
351,34,0.21748720109462738,3
352,185,0.4557568430900574,1
352,97,0.24781136214733124,2
352,129,0.13863839209079742,3
352,26,0.08492334187030792,4
352,104,0.04852975159883499,5
352,124,0.017338374629616737,6
352,140,0.005213058553636074,7
356,49,0.7971197366714478,1
356,113,0.0839509591460228,2
356,68,0.055966250598430634,3
356,84,0.0349942222237587,4
356,131,0.021004632115364075,5
378,49,0.5373456478118896,1
378,84,0.45758363604545593,2
380,125,0.8927136659622192,1
380,15,0.10566569864749908,2
385,169,0.997245728969574,1
392,173,0.9408599734306335,1
392,15,0.056418418884277344,2
418,61,0.8254640698432922,1
418,141,0.16770055890083313,2
429,26,0.39692407846450806,1
429,97,0.250887393951416,2
429,129,0.1947205662727356,3
429,64,0.10866521298885345,4
429,0,0.04494697228074074,5
451,85,0.960713803768158,1
465,49,0.04151551425457001,1
465,164,0.020582884550094604,2
465,147,0.020222054794430733,3
465,86,0.02010565623641014,4
465,46,0.019930701702833176,5
465,64,0.0198822021484375,6
465,152,0.01902111805975437,7
465,44,0.01885179989039898,8
465,93,0.018692409619688988,9
465,35,0.01847645454108715,10
468,180,0.4047659933567047,1
468,120,0.24093623459339142,2
468,35,0.18073979020118713,3
468,49,0.15188847482204437,4
468,68,0.019291002303361893,5
475,46,0.9464997053146362,1
475,134,0.04425659775733948,2
480,119,0.9428430199623108,1
480,59,0.037752535194158554,2
480,82,0.009489620104432106,3
506,105,0.951817512512207,1
506,59,0.038111839443445206,2
544,142,0.6729316115379333,1
544,151,0.15639114379882812,2
544,16,0.13269241154193878,3
544,111,0.03555357828736305,4
545,119,0.8126062154769897,1
545,105,0.13007231056690216,2
545,18,0.048804208636283875,3
563,90,0.45765921473503113,1
563,160,0.14663702249526978,2
563,174,0.10665096342563629,3
563,66,0.1022530123591423,4
563,135,0.09777279943227768,5
563,159,0.08444242924451828,6
571,78,0.9493463039398193,1
571,49,0.0021095178090035915,2
577,77,0.49316829442977905,1
577,187,0.30751287937164307,2
577,0,0.13151782751083374,3
577,19,0.06576883047819138,4
578,78,0.8070042729377747,1
578,120,0.17939592897891998,2
583,143,0.25654107332229614,1
583,19,0.1720043420791626,2
583,96,0.16034501791000366,3
583,100,0.14285406470298767,4
583,172,0.12535762786865234,5
583,117,0.09037721157073975,6
583,70,0.03499224781990051,7
583,154,0.011668361723423004,8
583,185,0.004378428217023611,9
587,123,0.4115320146083832,1
587,50,0.2146109789609909,2
587,154,0.14975793659687042,3
587,140,0.11792448908090591,4
587,151,0.1049501821398735,5
595,170,0.306680828332901,1
595,161,0.21007032692432404,2
595,71,0.16174429655075073,3
595,55,0.10504966974258423,4
595,189,0.08822940289974213,5
595,118,0.06722793728113174,6
595,163,0.05882193520665169,7
598,175,0.39612913131713867,1
598,2,0.36272335052490234,2
598,111,0.08592759072780609,3
598,103,0.07874977588653564,4
598,55,0.05729597806930542,5
598,107,0.014333095401525497,6
598,96,0.0024053449742496014,7
600,119,0.5523146390914917,1
600,146,0.27062171697616577,2
600,102,0.17122513055801392,3
601,120,0.9003778696060181,1
601,171,0.0900934562087059,2
610,111,0.9961571097373962,1
611,154,0.4941738247871399,1
611,133,0.34418970346450806,2
611,101,0.11153005808591843,3
611,70,0.04808414727449417,4
624,161,0.2949483096599579,1
624,194,0.24185843765735626,2
624,189,0.22415217757225037,3
624,28,0.12387306243181229,4
624,55,0.06196662038564682,5
624,67,0.047201745212078094,6
624,34,0.002966458210721612,7
627,105,0.7688750624656677,1
627,102,0.22298532724380493,2
630,2,0.8531153202056885,1
630,56,0.06250398606061935,2
630,174,0.05163140222430229,3
630,96,0.024473588913679123,4
630,175,0.002733411733061075,5
630,14,0.0027321497909724712,6
643,73,0.47323077917099,1
643,113,0.34462761878967285,2
643,49,0.1796887218952179,3
657,124,0.9645771384239197,1
664,11,0.5344613790512085,1
664,179,0.18136662244796753,2
664,49,0.1445172280073166,3
664,85,0.1380375623703003,4
672,98,0.5625707507133484,1
672,10,0.38613271713256836,2
672,96,0.025591310113668442,3
672,111,0.023038631305098534,4
677,156,0.8681520819664001,1
677,49,0.005507472902536392,2
677,164,0.002730537671595812,3
677,147,0.0026826695539057255,4
677,86,0.002667228225618601,5
677,46,0.0026440187357366085,6
677,64,0.0026375846937298775,7
677,152,0.0025233528576791286,8
677,44,0.002500890986993909,9
677,93,0.0024797460064291954,10
680,182,0.6622175574302673,1
680,171,0.22123421728610992,2
680,49,0.004900298081338406,3
680,164,0.0024295079056173563,4
680,147,0.0023869171272963285,5
680,86,0.0023731780238449574,6
680,46,0.002352527342736721,7
680,64,0.0023468025028705597,8
680,152,0.002245164243504405,9
680,44,0.002225178759545088,10
700,180,0.4431518316268921,1
700,139,0.26277631521224976,2
700,54,0.21601662039756775,3
700,49,0.03795493766665459,4
700,160,0.02004961483180523,5
700,3,0.015601549297571182,6
700,5,0.0022373616229742765,7
706,11,0.46663427352905273,1
706,162,0.26916423439979553,2
706,179,0.15470854938030243,3
706,49,0.10822238773107529,4
715,95,0.5489394664764404,1
715,156,0.4469606876373291,2
736,180,0.721860945224762,1
736,54,0.2093571424484253,2
736,49,0.06512580811977386,3
737,62,0.9960727095603943,1
742,62,0.503200888633728,1
742,156,0.489605188369751,2
755,31,0.4144642949104309,1
755,168,0.30394428968429565,2
755,159,0.17788073420524597,3
755,66,0.10018492490053177,4
759,98,0.7708032131195068,1
759,131,0.1946236491203308,2
759,60,0.02291950397193432,3
759,10,0.007651238702237606,4
760,164,0.8081084489822388,1
760,159,0.1864887923002243,2
766,104,0.9905761480331421,1
770,177,0.37608546018600464,1
770,49,0.3486844599246979,2
770,11,0.11620493978261948,3
770,113,0.07646947354078293,4
770,90,0.039764076471328735,5
770,162,0.03976079076528549,6
784,44,0.4750570058822632,1
784,194,0.3847039043903351,2
784,195,0.13862016797065735,3
789,172,0.7350133061408997,1
789,49,0.12373944371938705,2
789,70,0.07648088037967682,3
789,169,0.03530624136328697,4
789,3,0.01767617091536522,5
789,125,0.005909916944801807,6
791,43,0.46572747826576233,1
791,195,0.28704118728637695,2
791,138,0.09505531191825867,3
791,114,0.09504754841327667,4
791,66,0.05325169116258621,5
815,166,0.4658052325248718,1
815,138,0.3925553560256958,2
815,163,0.13609309494495392,3
824,25,0.4173310697078705,1
824,97,0.3738657832145691,2
824,65,0.1934574991464615,3
824,104,0.013052552007138729,4
836,69,0.9105465412139893,1
836,117,0.08218731731176376,2
840,82,0.9883158206939697,1
843,187,0.7954283952713013,1
843,87,0.19885841012001038,2
849,105,0.6962682008743286,1
849,100,0.26888951659202576,2
849,18,0.027616649866104126,3
859,192,0.3362429440021515,1
859,83,0.25881654024124146,2
859,86,0.18143518269062042,3
859,67,0.1172487661242485,4
859,47,0.08407928794622421,5
859,21,0.017707666382193565,6
859,9,0.0022208939772099257,7
867,50,0.5082482695579529,1
867,155,0.3332841098308563,2
867,65,0.1555364727973938,3
894,98,0.8338671922683716,1
894,18,0.0947851613163948,2
894,111,0.06163685768842697,3
894,19,0.004771542735397816,4
900,192,0.2909863293170929,1
900,51,0.27340981364250183,2
900,144,0.2187272310256958,3
900,4,0.09374041855335236,4
900,47,0.08008616417646408,5
900,66,0.039084747433662415,6
904,2,0.33635151386260986,1
904,130,0.22220414876937866,2
904,175,0.16285324096679688,3
904,144,0.11110494285821915,4
904,5,0.09284348785877228,5
904,47,0.07306638360023499,6
910,134,0.474098801612854,1
910,90,0.28382453322410583,2
910,5,0.09999248385429382,3
910,47,0.07743324339389801,4
910,67,0.054841458797454834,5
910,51,0.0032416677568107843,6
910,197,0.0032353829592466354,7
916,18,0.374372273683548,1
916,81,0.3119499385356903,2
916,60,0.1872904896736145,3
916,107,0.09374859929084778,4
921,51,0.5309370756149292,1
921,192,0.4217761158943176,2
921,66,0.04469229653477669,3
949,180,0.587412416934967,1
949,54,0.26065489649772644,2
949,36,0.12059583514928818,3
949,139,0.027249803766608238,4
964,60,0.7033431529998779,1
964,49,0.23692402243614197,2
971,156,0.8342778086662292,1
971,62,0.1569834053516388,2
977,3,0.47907328605651855,1
977,49,0.31537213921546936,2
977,113,0.09594712406396866,3
977,70,0.06852483749389648,4
977,19,0.027468379586935043,5
980,23,0.45363837480545044,1
980,100,0.43059656023979187,2
980,119,0.10769514739513397,3
989,3,0.48815274238586426,1
989,49,0.37223368883132935,2
989,81,0.09300673007965088,3
989,113,0.038823068141937256,4
1029,43,0.7377134561538696,1
1029,161,0.23298335075378418,2
1029,66,0.02592984400689602,3
1037,130,0.6292521953582764,1
1037,2,0.20396097004413605,2
1037,107,0.13929536938667297,3
1037,47,0.0199213158339262,4
1037,66,0.002522325376048684,5
1037,27,0.0025038220919668674,6
1044,43,0.45344656705856323,1
1044,161,0.28165751695632935,2
1044,138,0.09295562654733658,3
1044,9,0.08450149744749069,4
1044,66,0.039468634873628616,5
1044,31,0.03662405163049698,6
1044,15,0.005652875639498234,7
1044,194,0.0028363207820802927,8
1076,135,0.3118785321712494,1
1076,198,0.3005369007587433,2
1076,94,0.12286593019962311,3
1076,47,0.10019413381814957,4
1076,136,0.04726002365350723,5
1076,186,0.045368492603302,6
1076,182,0.03970499336719513,7
1076,106,0.03025064617395401,8
1101,105,0.4831162393093109,1
1101,122,0.2998676002025604,2
1101,100,0.17496350407600403,3
1101,49,0.02535547874867916,4
1101,155,0.0083768954500556,5
1104,110,0.9893172979354858,1
1109,150,0.37584996223449707,1
1109,106,0.18842613697052002,2
1109,161,0.09571440517902374,3
1109,176,0.09570784121751785,4
1109,83,0.08972784131765366,5
1109,194,0.07078972458839417,6
1109,12,0.048856060951948166,7
1109,94,0.0339006632566452,8
1110,106,0.2896827161312103,1
1110,197,0.28968048095703125,2
1110,12,0.2191038280725479,3
1110,186,0.19998383522033691,4
1112,136,0.331707239151001,1
1112,198,0.2041321098804474,2
1112,94,0.1610739678144455,3
1112,150,0.09568951278924942,4
1112,135,0.08612392097711563,5
1112,49,0.08299614489078522,6
1112,12,0.036688182502985,7
1121,23,0.8237755298614502,1
1121,100,0.13038130104541779,2
